t;;angle;anglebruit;posx;posy
1;;2.710783;2.8207383;619.6251;334.99374
2;;2.6165712;2.6286535;618.5012;349.95
3;;2.508063;2.5234797;616.63135;364.83145
4;;2.3834004;2.482108;614.02;379.6008
5;;2.2416844;2.223678;610.6737;394.2212
6;;2.0839708;2.1027596;606.60095;408.65607
7;;1.9141904;1.911606;601.8118;422.86932
8;;1.7391893;1.7926054;596.3183;436.8255
9;;1.567302;1.5324928;590.13416;450.4897
10;;1.4059972;1.365523;583.2748;463.82767
